,anharmfreq,rOH,rHO,rOO,tOHO,EFddec,EFddec_tot,EFddec_proj_HO,sOH,sOHQM,EFddec_perp
0,3577.868,0.97220349752508,3.0,3.5,100.0,0.00015063973703100003,0.00023728297098800003,0.0,1.0,0.8974,0.000183332697433
1,3577.868,0.9721754556148801,3.0,3.5,100.0,0.000152229623722,0.000245566141438,0.0,1.0,0.897,0.00019268853490099998
2,3511.409,0.976292102600445,3.0,3.5,100.0,0.015010023037148998,0.018010720078678,0.0,0.9797207062379659,0.8292,0.009954157230864001
3,2952.498,0.998639867920364,1.79040361424456,2.65334569773711,142.511457353148,0.05380614047883701,0.053922521325114006,0.042455859952393996,0.8705208301965409,0.7401,0.003540840695243
4,3514.452,0.975157871372633,3.0,3.5,100.0,0.03966461479271299,0.042098397175893996,0.0,0.9786427545110209,0.8793,0.014106501271576002
5,3418.982,0.979835083827887,2.1244934083126297,2.58041226989575,106.53639670645501,0.086426188342788,0.086711588740208,0.031299845379462995,0.887334072692343,0.7279,0.007029480093716999
6,2823.2709999999997,1.0006084232106,1.78155233201273,2.75809503884475,164.281236328765,0.052978707256107004,0.054516585498671,0.052883777223523,0.8469364311770742,0.7314,0.012857475331713001
7,3524.15,0.974249348986183,3.0,3.5,100.0,0.037623781548111,0.038829558538929,0.0,0.9824631084872391,0.9084,0.009601337320815
8,3513.776,0.975230544538057,3.0,3.5,100.0,0.06223558643633301,0.062310445299213,0.0,0.9487171968845941,0.8217,0.0030534201008000006
9,3541.795,0.97423224505248,3.0,3.5,100.0,0.010127180717711001,0.014297169634081999,0.0,0.989833874918534,0.848,0.01009203994525
10,2826.6690000000003,1.00298073017382,1.7595960300307598,2.64771418990041,145.481051599258,0.058958448532459996,0.05899854363396499,0.04779606853205699,0.8553988050827099,0.7264,0.002174740806211
11,3401.724,0.9806673181563659,2.23610311522076,3.17246149243769,159.300961516622,0.025657655354207998,0.027968250037316,0.025779991387418003,0.9417615241317401,0.7966,0.011131384993543
12,3048.6220000000003,0.994104785523136,1.82823769794849,2.66175411219745,139.263275044549,0.049052012926883,0.049772013652745,0.037713349147046,0.8827566579933391,0.7516,0.008435245750416
13,2867.327,0.9986233807597309,1.7303687092333702,2.5618039090030496,138.077511483413,0.09468956853403399,0.09514312615320401,0.07410862348639,0.847628960476625,0.7368,0.009279012072575
14,3518.565,0.9759542885299499,3.0,3.5,100.0,0.010700869318979001,0.022429474480313,0.0,0.979651098791166,0.8386,0.019712248001715
15,2379.458,1.01789317376628,1.69921902771579,2.71396844113794,174.305003197766,0.06339451274735701,0.064411083221419,0.06237990219683,0.8290788854590451,0.7044,0.011398394416838003
16,3529.761,0.9745260953920128,3.0,3.5,100.0,0.041278335987365994,0.04177202821832499,0.0,0.976781284103382,0.8853,0.006403227279008001
17,3555.905,0.972839314481071,3.0,3.5,100.0,0.037082327841737,0.038335719611094006,0.0,0.985711120182571,0.9075,0.009722569616021
18,2792.755,1.0030490802548,1.75268883655942,2.5536909430469503,134.019195957069,0.100781745266325,0.101148564836851,0.066372784612537,0.820513854954364,0.7013,0.008606508562024
19,2898.283,0.999400505603234,1.89844442199397,2.87411153711891,164.557749848168,0.048306090987902006,0.048951392871717,0.046316247829117,0.8815674852760319,0.7387,0.007922148543784
20,3470.095,0.9775195017491971,2.20497278071635,2.76167615288252,114.817988781485,0.021549678213903002,0.025512202620866002,0.008678298673346001,0.946755553764372,0.8049,0.013655909030356001
21,2802.6479999999997,1.0007763619810401,1.7109341306866201,2.5549232987605697,139.365064642421,0.09631518493077,0.09673298049227001,0.076330260237519,0.8410667466720171,0.7339,0.008980794322862
22,3515.599,0.976218994181121,3.0,3.5,100.0,0.010957359282837,0.022980403949916,0.0,0.978799229001822,0.8379,0.020199882258274
23,2385.175,1.01825688792171,1.69801699743826,2.71302144307484,174.207254431936,0.063339407264997,0.064424600943151,0.062390217653857,0.8288695831901769,0.7037,0.011774918004092
24,3533.092,0.974079949747452,3.0,3.5,100.0,0.04097584938880999,0.041450619727487995,0.0,0.9779303111387428,0.887,0.0062556888236499995
25,3345.241,0.982787064882317,2.11272649790847,3.0672842664188997,163.35674693898702,0.028123223943617,0.029431538940209997,0.028326574939964,0.9279460470947329,0.7883,0.008677543396966999
26,3231.8740000000003,0.9870630405906209,1.94649950649878,2.71393200329338,132.626045868011,0.039060163199939,0.03982641364114,0.026186068063306,0.9010402512672171,0.7672,0.0077747587942869996
27,3541.85,0.9742193162219691,3.0,3.5,100.0,0.011583217720573998,0.016187602822642002,0.0,0.9893184437427671,0.8459,0.01130785357092
28,2569.5170000000003,1.01279652457934,1.67966840778173,2.60310976190018,149.42031373349,0.070296582656298,0.070406224417881,0.060972449003790986,0.8368664886065391,0.7102,0.003927709717792999
29,3540.6890000000003,0.9743647409979491,3.0,3.5,100.0,0.010306182294453,0.014383427869083,0.0,0.989632592261263,0.8476,0.010033224993919
30,2825.31,1.00256618444869,1.76251734882242,2.6485431394825296,145.233162811183,0.058545388476762,0.058583374025785,0.047343242613027005,0.856674208452875,0.7274,0.002109312767239
31,3035.131,0.994650692655465,1.8232206438059,2.6600023895477998,139.60241275173598,0.04959979826089799,0.050283056900070996,0.038291417636976,0.8814148565181709,0.7503,0.008261103055525
32,3413.656,0.9803740158225329,2.26720219188761,3.20034233387617,158.66810639781798,0.024931942290075,0.027303136636301004,0.025029485626249997,0.9448204951866409,0.7998,0.011129219371765
33,2825.5009999999997,1.0026097203299,1.7623180140088202,2.64816767977408,145.199879289649,0.058561501110130997,0.058594587525947,0.047358798643161996,0.856592019755685,0.7271,0.001968825808436
34,3540.7090000000003,0.9743385907373271,3.0,3.5,100.0,0.010344143216756,0.014412181103685,0.0,0.989556840280568,0.8471,0.010035420533124
35,3040.2740000000003,0.994478412737047,1.82539873408524,2.66073942395718,139.444305186119,0.049306859835374,0.049967872611825996,0.037961787009482,0.88202045484281,0.7506,0.00810073246852
36,3413.966,0.9802769537227729,2.2670706489212002,3.20032065624681,158.714157577223,0.024926755490562,0.027275045285838,0.025046779853646,0.944729294847057,0.8,0.011071809068902
37,3039.43,0.9935469612454181,1.85470369957037,2.63346908836994,132.885600410909,0.087840386523485,0.08794164021850999,0.057188484442836,0.876287058144739,0.7537,0.0042188363000620005
38,3525.7529999999997,0.9756218444663879,3.0,3.5,100.0,0.012536615582863002,0.015973711341016,0.0,0.9838764283701981,0.8285,0.00989912742284
39,3263.478,0.986979802984843,2.02289475477594,2.75335440526642,129.032891085992,0.038019350575287,0.03850746893775,0.023085069291047998,0.915478209012745,0.7666,0.0061118038110880004
40,3513.575,0.9757429473995691,3.0,3.5,100.0,0.040938224214647996,0.042616367890548,0.0,0.9694413015053029,0.8746,0.011841309485597999
41,2957.7929999999997,0.99764850473501,1.8058997793620801,2.6692867322376603,142.75725034213198,0.052993666312330004,0.053092583016395994,0.041178773194984,0.8688017939056141,0.7359,0.003239398421052
42,3531.2990000000004,0.975171994829629,3.0,3.5,100.0,0.01311813184937,0.016529826056803996,0.0,0.987132502636922,0.8319,0.010057324010429
43,2985.893,0.9960468893581259,1.7917086674456901,2.64921738330398,142.08912214236602,0.051726153694303,0.05221322880873599,0.040801018274287996,0.8706814908146631,0.7438,0.007115215149715
44,3434.808,0.9795872584410229,2.31313279048134,3.2291335118418396,155.29768181053302,0.023023912664459998,0.025843279889735,0.023163770438429,0.9495376414382629,0.8052,0.011737740884793001
45,3542.8790000000004,0.974339156402944,3.0,3.5,100.0,0.011350611060228997,0.016024893559437998,0.0,0.989545530916578,0.8459,0.011311977817813998
46,2533.314,1.01317693963098,1.6758739687100601,2.60255820518965,149.908363333925,0.07061041933197298,0.070732644693876,0.061394207776017,0.835445924908511,0.7101,0.0041564055568499994
47,3542.828,0.974282980966003,3.0,3.5,100.0,0.011353231050793,0.016016853081389,0.0,0.9895485753469291,0.8459,0.011297952351559998
48,2538.436,1.0129076081755901,1.6769655556093002,2.60265593100587,149.782869110899,0.070422598914767,0.070543876237001,0.061212630309557,0.8358935027818472,0.7104,0.004134735376191
49,3246.511,0.986697606108376,1.9597951800379598,2.72146089367457,132.08279834581998,0.038411070408248,0.039333302065276,0.025514775344722997,0.904039402020886,0.7685,0.008467486135259
50,3340.4429999999998,0.9829943117332891,2.10836667565203,3.0641340611174304,163.651453654857,0.028488826850255,0.029810615210715003,0.028712564063865003,0.9274227138829151,0.7875,0.008778355423283
51,3245.435,0.9867168763632241,1.9584979353831398,2.72058104643107,132.121198565614,0.038464758029176004,0.039386241447065005,0.025566683293898,0.903721523236514,0.7678,0.008469852719111
52,3440.0040000000004,0.978004814814322,2.2243763035287003,2.85861942725855,121.407715930679,0.061864445600014,0.06192462179209599,0.030160146202997003,0.9420678126573141,0.8332,0.0027293139608779997
53,3493.211,0.9765615263259141,2.2980849033271205,2.8303067110474105,113.30536716761101,0.018491852563576997,0.021582401897845004,0.004689587089872,0.949612983095474,0.8184,0.011128857104258998
54,3472.973,0.977463892223134,2.25514166430848,3.08558287412605,142.119788846969,0.021896877084316,0.028600558051459998,0.027275869065692997,0.935093051930804,0.8036,0.018398877542102003
55,2722.099,1.00543567616233,1.77193819842626,2.7676629369911097,170.02638828124202,0.054403171366422996,0.054716730558725994,0.05405083656843799,0.838773338397283,0.7204,0.005849405808442
56,3541.348,0.974329136431832,3.0,3.5,100.0,0.011621668123421,0.018181488433153998,0.0,0.988000077780192,0.8366,0.013982251309211999
57,2729.638,1.00630475731759,1.73630919498804,2.64242713288371,147.73758575434098,0.064194485648376,0.064525096712515,0.053125969654265,0.852274762062431,0.7187,0.0065235050471220005
58,3520.8959999999997,0.9747149215026919,3.0,3.5,100.0,0.038315557535547995,0.038890415655039,0.0,0.980415950782928,0.9088,0.006662017754543
59,3521.127,0.974808990674583,3.0,3.5,100.0,0.038297630699162005,0.038852005127572,0.0,0.9805872306076221,0.9088,0.006539861257207
60,3430.768,0.978446065861581,2.20635545327583,2.8531516790034104,122.425588413548,0.062332907475597,0.062397839175324,0.031255234973666,0.9404265366121949,0.8321,0.002845870585302
61,3541.78,0.974307216539013,3.0,3.5,100.0,0.011669794992838002,0.018242608480053,0.0,0.987844371651124,0.8365,0.014021720614163
62,2718.627,1.00684667482194,1.7308973719721201,2.6377656413904504,147.758634461324,0.064773731361749,0.065091248913138,0.053709845614067,0.850486858624629,0.7176,0.006421402537462
63,2738.9040000000005,1.00463345763517,1.7786008589050502,2.7729480216535802,169.739281070422,0.053812923280569,0.05415977799879401,0.05349570626742099,0.840485639462627,0.7224,0.006119709215169001
64,2642.115,1.00796477289636,1.73354689469307,2.72900906900289,168.645774957943,0.058857215021418,0.058915569413132994,0.058218256769218,0.8399097825001529,0.7129,0.0026215566361009997
65,3502.664,0.976116734105097,2.33581935348177,2.84403644384175,111.613724840567,0.017495530877004,0.020990409448565,0.003818691644747,0.9533606323183109,0.8201,0.011597572511099
66,2801.5190000000002,1.00182863354967,1.7395608788714498,2.56049213295023,136.454805036152,0.09627076478089301,0.096311848172681,0.069067217120645,0.8399418164849392,0.7239,0.002812818326812
67,3516.23,0.9757712821148199,2.40400377460186,2.80688074112528,104.154052591358,0.018390028381768998,0.022601575392897002,0.0029782990818729995,0.9529308843838579,0.8086,0.013139180581701
68,3523.071,0.974978255860099,3.0,3.5,100.0,0.038752415114787005,0.04067881521828501,0.0,0.968345552125953,0.8816,0.012369976973893998
69,3037.566,0.993895119366225,1.8665356745586201,2.60180717385051,128.261895223783,0.094105742829146,0.09443720391063198,0.053056885347581996,0.850474817192076,0.7207,0.007905355718297001
70,3515.6090000000004,0.976237001962127,3.0,3.5,100.0,0.015999252176088,0.019584532675634998,0.0,0.9827024621481779,0.8168,0.011295036517379
71,3048.725,0.9944836878501322,1.85011042267752,2.68329346350711,139.261039854594,0.048734520052034005,0.049117094989264996,0.036192089170757,0.88953198715169,0.7478,0.006118461855925999
72,3551.304,0.9732022951575899,3.0,3.5,100.0,0.038919122089265,0.039954276482441,0.0,0.984298297739711,0.9,0.009035825642197999
73,3513.95,0.975336823922895,3.0,3.5,100.0,0.062135852497744004,0.062200938776072,0.0,0.9495488105507679,0.8221,0.0028447528896630003
74,2849.237,1.00003755474482,1.7880574361300599,2.76366923219838,164.171300266304,0.052554851280368,0.054128264885828996,0.052494943204839994,0.849053730506766,0.732,0.012955951005192999
75,2847.986,1.0001150616304102,1.78720510801083,2.7627907497673396,164.136722341032,0.05263124309038,0.054213737859873,0.052581587924354,0.8488184099932391,0.7312,0.013003138986427
76,2851.763,1.00026926064935,1.78869218221659,2.76408968066483,164.029358871982,0.052574542439064,0.05415178385863299,0.052529308688404996,0.8491960055104879,0.7318,0.012974327820555
77,3523.355,0.974291904153987,3.0,3.5,100.0,0.037543431068809995,0.03876842147593601,0.0,0.9825498434139078,0.9088,0.009668572144701
78,3513.125,0.975428519626118,3.0,3.5,100.0,0.06219584262316599,0.06226457472193,0.0,0.9492387062412,0.8219,0.002924794983794
79,3522.94,0.9743098690355151,3.0,3.5,100.0,0.037511373666415,0.038759449268901,0.0,0.982527974669859,0.9087,0.009756626122133
80,3458.917,0.977977570397194,2.3933038261992596,3.26089596069853,147.523228638923,0.048764622649925995,0.049454394584019006,0.037387323164749,0.9493242278729409,0.856,0.008230961151782
81,3194.572,0.9878950936713872,2.01103315425181,2.95947993407626,160.193785317563,0.036122695949464,0.038686917555621,0.036447749442753,0.8966692119411841,0.7706,0.013850213980225
82,2700.118,1.0048523377093799,1.7243768287123302,2.71521543355219,167.954934715331,0.056040288165085,0.056818476559017006,0.055314179348927996,0.830038858237078,0.7208,0.009371519666616998
83,3344.1279999999997,0.982192888337112,2.11026490709624,2.7893851845434,124.748299159482,0.07289342429218201,0.07298987092176201,0.038572696789466,0.9248543982040949,0.7964,0.0037509934864499994
84,3549.3920000000003,0.9736733910300709,3.0,3.5,100.0,0.008847200057915,0.017408880537279996,0.0,0.985958748356639,0.8505,0.014993204217129
85,3383.4759999999997,0.980778369102827,2.06345034323373,2.72330178661654,122.867632432863,0.07544365594246401,0.075669433772184,0.045771008929269996,0.9187858535106149,0.7803,0.0058410603008459995
86,3523.005,0.9746182281796301,3.0,3.5,100.0,0.03933506167852,0.039774857386529,0.0,0.97941244719874,0.8992,0.0058984915754579995
87,3104.638,0.991309757341267,1.89311791294151,2.6514318690285097,131.022107515607,0.08761523787723402,0.08774331345257001,0.055735099377002995,0.87397157556623,0.7422,0.0047391082865489995
88,3524.7709999999997,0.97531364088687,3.0,3.5,100.0,0.010941290468660998,0.019675479241310002,0.0,0.983446563567376,0.8431,0.016352756533857
89,2347.547,1.01843101018184,1.71947527452418,2.7350671636725803,174.600877538779,0.061887087116681005,0.062757411021786,0.06113095513790401,0.835139020216253,0.7085,0.010415425405125
90,3478.067,0.978287363508289,3.0,3.5,100.0,0.041191247939261,0.043136689406124,0.0,0.968660647697116,0.887,0.012808398265465
91,3038.1459999999997,0.9929832291635141,1.82205119949012,2.6103593220569503,133.877862840255,0.09050742904140399,0.09065870150217999,0.065492599741986,0.8743203219213059,0.7475,0.005235021143842
92,3525.917,0.975451300168287,3.0,3.5,100.0,0.012788606077473001,0.016125530767466003,0.0,0.9841244545952471,0.8251,0.009822642064522
93,3270.8259999999996,0.9866297166617269,1.9937457086098,2.70456657363061,126.97398340125,0.039476437210828,0.039566124112940006,0.023216340695437997,0.906545265040029,0.7616,0.002662533090903
94,3544.68,0.9735229150872611,3.0,3.5,100.0,0.040504402603126995,0.041386648243469,0.0,0.9724068864919669,0.8758,0.008499883681109
95,3374.868,0.9806938209247591,2.11337727408052,2.7489005769943704,120.89394211115601,0.075092508003271,0.075152233383916,0.03621906317846,0.921140650607065,0.7879999999999999,0.0029955674536490005
96,3455.1940000000004,0.977998578015325,2.47251380879344,3.3232958664087002,145.266966196514,0.049382416431010004,0.05052276714897401,0.034567727894584996,0.953652192888423,0.8466,0.010673656722219
97,3289.014,0.9845465399868121,2.13255557962741,2.69712082762341,114.73947450208,0.08888172760606401,0.089162587937559,0.030801837520483998,0.8720273334190608,0.7263,0.007071462754235
98,3053.368,0.992116235528881,1.92530780388487,2.8754187736919303,159.440071735722,0.041579388052929,0.044631134233773,0.038902909265975,0.881145209265984,0.759,0.016220130459928
99,2831.137,1.00080156020062,1.7819847099318502,2.75264903293935,162.407334046109,0.052176107609193,0.053788301135308,0.052416529118510004,0.84366694525122,0.7259,0.013070391492856
100,3537.136,0.9735390355296479,3.0,3.5,100.0,0.039484915062477005,0.041284766051236,0.0,0.983096020558439,0.889,0.012057088803451
101,3447.17,0.978390965412091,2.21092636067282,2.67023258101268,107.274543294051,0.07816903541516901,0.078500624473647,0.029692439889023998,0.914342104505057,0.7626,0.007207631026536999
102,3511.792,0.9752065908308859,3.0,3.5,100.0,0.038949746652394,0.041064151127369,0.0,0.9799529119942572,0.8937,0.013006988257306002
103,3558.386,0.972475556196659,3.0,3.5,100.0,0.038240575410999,0.039746844230752996,0.0,0.9825879179748209,0.8861,0.010838358664457
104,3363.52,0.98243357521005,2.20546307668027,2.7547667306870096,113.95553199911001,0.083084536030599,0.08344457411053799,0.029178866827241,0.9039685069214649,0.7512,0.007743179002783001
105,3465.0679999999998,0.977565216136499,2.3227418399798103,3.2188204779242597,152.009256910742,0.045861030771245995,0.047245899691355,0.035812465810733,0.9430629847830251,0.8541,0.011355214407683
106,3435.363,0.979384807417391,2.29009043153207,2.692520337591,103.483938291407,0.07891997654602201,0.0790228273055,0.022211446151061003,0.91600233540958,0.759,0.004030451256409001
107,3546.23,0.9734828028270441,3.0,3.5,100.0,0.011086238445146002,0.017773201359615003,0.0,0.9845450279818341,0.8417,0.013891796273584
108,2723.366,1.00408620033342,1.70945995439838,2.5481347366352596,138.285481028135,0.100841800574235,0.101054817428814,0.075113785393554,0.836909869924354,0.7174,0.006558001411794
109,3497.0409999999997,0.9767440195363372,3.0,3.5,100.0,0.04390629582985099,0.04518308208627,0.0,0.969802374663417,0.8759999999999999,0.010665275116761
110,3285.43,0.984946295693323,1.94788782415723,2.54481134540461,116.492653520961,0.09362215561528099,0.093994277149195,0.049139341562418,0.8688842825446479,0.7127,0.008355603793136998
111,3520.0759999999996,0.975061311815825,3.0,3.5,100.0,0.039461250493276,0.04172048497398,0.0,0.978060368908039,0.8758,0.013542842241238001
112,3296.465,0.984553213645663,1.95939112506921,2.54847949014702,115.914837792129,0.093058041366267,0.093434782379489,0.048091709213244,0.8701638406331071,0.7137,0.008382093734667
113,3520.0240000000003,0.975032049165565,3.0,3.5,100.0,0.039465267717866,0.041728862473685,0.0,0.9780585167762909,0.8756,0.013556939451988999
114,3296.493,0.984505689216672,1.9596314224676998,2.54839079924629,115.891304840786,0.09306403348436698,0.093442760774494,0.048081584829142994,0.8702086700852599,0.7137,0.008404475758776
115,3522.0009999999997,0.9747745005897529,3.0,3.5,100.0,0.039390335496882006,0.041573928688539,0.0,0.978468891593737,0.8759999999999999,0.013296353486681999
116,3285.785,0.9847124616861491,1.94827278510993,2.54475170250459,116.47138793443199,0.093598146545806,0.093970299467315,0.04910106680196499,0.8689352601021471,0.713,0.008354887501737
117,2938.782,0.9964533525459179,1.8194493539305,2.7893201236706204,163.517703934086,0.04827430696050199,0.049618720498507005,0.04800181892512901,0.858427659437997,0.7391,0.011472084003883998
118,2936.5640000000003,0.996323816437206,1.8177962067844702,2.78748481219181,163.498014864699,0.048432894234668,0.049772773111477,0.048148262787004,0.8581317972766809,0.7381,0.011470993821814
119,3530.6620000000003,0.9738543507629851,3.0,3.5,100.0,0.035505587574702006,0.03728547861110099,0.0,0.9833534857164191,0.9116,0.011382449922317999
120,3495.764,0.9759086461856991,2.46638414799792,2.94870036931373,110.16377943485399,0.060353588971439005,0.060363845166282,0.020163234554531003,0.948347001314736,0.8377,0.0011127001058239998
121,2485.333,1.01212359917156,1.6969256797699899,2.6945357960868197,167.733207158487,0.06472798483202999,0.067313936783651,0.065876713507358,0.8153639032675328,0.7043,0.018478475719001998
122,2485.894,1.01232422424834,1.69692130589488,2.69470999801463,167.72463982822399,0.064731038428578,0.06731556198228,0.06588102746149299,0.815363344361674,0.7041,0.01847369884317
123,3395.946,0.980376120782223,2.13153368340732,3.0375919817019503,152.95506490966298,0.061905424142137004,0.062275589544342,0.0520533157878,0.928889603562443,0.8266,0.0067799347251609994
124,3510.665,0.9758852501190899,3.0,3.5,100.0,0.068136469819016,0.068177011000033,0.0,0.9307175163605529,0.7958,0.002350810392383
125,3510.5240000000003,0.9758860905863941,3.0,3.5,100.0,0.050927128873735995,0.050955303361700004,0.0,0.9937443423847909,0.8893,0.0016942506782589998
126,3548.823,0.9738182118342209,3.0,3.5,100.0,0.034754079845500004,0.036224386447554005,0.0,0.9804506133213291,0.8764,0.010215679497434
127,2837.5040000000004,0.9985878573766039,1.72172117574246,2.60829346544824,145.732196938168,0.09538231881485099,0.095507268103162,0.07871741891620401,0.8549698822229179,0.7428,0.004883801596235
128,3569.097,0.9721196546722041,3.0,3.5,100.0,0.037838589989977994,0.038883070381386,0.0,0.987890094401153,0.8781,0.008951774676237
129,3504.577,0.976372011786491,2.49174737116346,2.96329762637842,109.43513744121799,0.01640331163852,0.016808702224402,0.002085479607537,0.974764523146675,0.8212,0.003669310256464
130,3161.7509999999997,0.9900217933459861,1.9382335826468402,2.7149435815500897,133.341068883795,0.041162744417579,0.041459303207667,0.029746468788668,0.9150235588382021,0.7697,0.004949979240196
131,2483.531,1.01500107635411,1.6463661443919502,2.65110670852759,169.637820026548,0.06140462613171499,0.06229614977900401,0.061030407575554994,0.8031698182330089,0.6973,0.010501531646022
132,2938.297,0.9987960653206441,1.7463905687159398,2.7260909450346698,165.942261890585,0.049888595243282,0.050561363741675996,0.0483023393901,0.838629943947413,0.7321,0.008220679294929
133,2951.341,0.9961299432303001,1.7380267431777299,2.6871998066948803,157.89261436501698,0.046482921496491,0.04651912027637901,0.043468302238021,0.837906529135428,0.7446,0.0018348189118420001
134,2415.781,1.01769118194077,1.62383027019452,2.6301734820730003,169.082183606901,0.063616972584146,0.06413238108781599,0.06355158241124,0.7973165697820028,0.6973,0.008114376329756999
135,3469.415,0.97754692828529,2.34151344533423,2.9605027493892,120.541324771697,0.07696465209121099,0.077117897360233,0.041727516451176005,0.877291032987514,0.7949,0.004859261439998
136,3552.145,0.9729536939649291,3.0,3.5,100.0,0.031958982948725,0.031966198490657995,0.0,0.98656842265888,0.9488,0.000679157439207
137,3301.39,0.9851820762173841,2.14334909160874,2.8788085141947204,130.14897956621598,0.088634607856098,0.08883312732066499,0.054937787576330006,0.878030947482019,0.7771,0.0059355538718080005
138,3541.31,0.973497199584904,3.0,3.5,100.0,0.044618853635103,0.044685643695251,0.0,0.96668050589278,0.8821,0.002442263857194
139,3362.4179999999997,0.982216207295954,2.1260760270742898,3.0460193784839906,155.429907120889,0.03070294965967,0.03425972195697,0.029203501612279,0.9265464051911451,0.7965,0.015200573369603001
140,3487.783,0.977007870080891,2.3797456259580203,3.1870811849849905,139.572512322,0.022849416568049997,0.027777756473591,0.023204195678903,0.946849198425912,0.8074,0.015795819611715
141,2600.442,1.01504110128605,1.7488531727963899,2.65338028750121,146.239877325,0.066492123713823,0.06668643198811401,0.057987796165508,0.8598766766402429,0.7389,0.0050870124170240005
142,3524.539,0.9753499612446809,3.0,3.5,100.0,0.010508241390145,0.013734178691738002,0.0,0.987271408463732,0.8541,0.008843332359639
143,3474.0159999999996,0.9788082041952859,2.31902102849457,3.0410464179292,129.900263220413,0.022863746385617,0.02771657582992,0.026225524580996005,0.9551058607628259,0.8064,0.015667088974978
144,3037.8940000000002,0.9969898307405141,1.91014849844194,2.7291165068754397,137.43949235629802,0.044097522752446,0.045520940499920996,0.033713907515287,0.8954454649878479,0.7763,0.011294446028681997
145,2249.2960000000003,1.02753849241768,1.62646267832988,2.60798229230952,158.056711000289,0.073730853566481,0.07380810511532901,0.068141758418696,0.809233584855568,0.6935,0.003376035111419
146,3570.551,0.97194855218782,3.0,3.5,100.0,0.007085248005754001,0.014633923387813998,0.0,0.988374614199654,0.8675,0.012804334204376003
147,3086.913,0.992833809104022,1.9208321058072702,2.78161786235996,143.400742324247,0.09048610922501299,0.091293211555018,0.06896102837641299,0.8701018786383241,0.7882,0.012112576660163
148,3528.1479999999997,0.9739313918854859,3.0,3.5,100.0,0.03328174348925,0.034499377301917995,0.0,0.977028627568926,0.9273,0.009084744604878
149,2829.952,1.0042652357320798,1.84608061451823,2.8301145399082297,165.69772902201,0.049369395680539996,0.049568840277527004,0.046833849552717,0.880516325619847,0.7507,0.004442149997160999
150,3545.548,0.9736580860343119,3.0,3.5,100.0,0.006049490700525,0.012338913828802,0.0,0.990927696633402,0.8662,0.010754183220443001
151,2834.243,1.00556225356762,1.82095170918946,2.68218294212009,141.526346424118,0.05499217070879099,0.055332364432465996,0.04677074142940701,0.882433392308917,0.7654,0.006126313281443
152,3528.553,0.9751428982461999,3.0,3.5,100.0,0.008820512310674,0.010449088670568001,0.0,0.9880125198523431,0.8542,0.005601965424978001
153,3590.725,0.9704599580096009,3.0,3.5,100.0,0.031062556283035,0.031821334101521,0.0,0.994189573195422,0.9613,0.0069075973510249996
154,2327.076,1.0214524236595601,1.6099377237955501,2.53506148400783,148.068600962835,0.115909204253741,0.11613196711065801,0.102172578028685,0.7909952302898391,0.7017,0.0071895865149219996
155,2041.4779999999998,1.02787431050688,1.53380626739494,2.49748198706217,153.765679093252,0.12203059744795801,0.12360858103253,0.118163600941773,0.775190521008645,0.7084,0.019687930093586003
156,3592.3259999999996,0.9706766593464591,3.0,3.5,100.0,0.032389385894828,0.03260518514008,0.0,0.990369087597087,0.9517,0.003745100716245
157,2697.845,1.00588044667346,1.7435270032035601,2.69326131080889,155.90618009653699,0.094752663086477,0.094926552476829,0.08752287567169,0.8431851329687171,0.7716,0.0057431004829
158,2559.814,1.01170572623664,1.72686708903725,2.66452329021534,152.312582300334,0.104704947494204,0.104878672526697,0.09386762750652099,0.839106203464555,0.7437,0.006034063406866001
159,3402.539,0.98152986882723,3.0,3.5,100.0,0.06905861974256,0.069065023477287,0.0,0.927481369828876,0.8148,0.000940482413818
160,3409.15,0.980711899846229,2.35230762541807,3.00339612467287,123.18300273667101,0.07226717470695701,0.072805025664736,0.0461437391345,0.904245311748981,0.802,0.008833301869456998
161,2627.015,1.0092857503700299,1.70992585271994,2.70380221889472,167.366605911599,0.05825831302527999,0.058675160010835,0.056552872158063,0.8418187136014459,0.7332,0.006981644916894
162,2340.4210000000003,1.0228186546011,1.64216797648718,2.63733069723916,163.008403981108,0.070972057230629,0.07155157154441401,0.06622050195382,0.814993944905828,0.7045,0.009088150687996
163,3551.705,0.9739882026492921,3.0,3.5,100.0,0.040575039713722,0.040636933945959,0.0,0.9869503410413121,0.9187,0.00224199749288
164,2344.131,1.02098125418638,1.64015360951345,2.6577853995761203,174.087602882327,0.065416918486272,0.066481013484599,0.06616629683249299,0.811356739613543,0.6992,0.011847021976001001
165,2929.355,0.9991161401959241,1.8435131025086298,2.82259552811964,165.740567744332,0.04432988873757401,0.047389437662510005,0.041331330180861,0.8643657125006551,0.7616,0.016751709360039
166,3178.546,0.98955559833695,1.89630606535469,2.79903415383968,150.28215335020099,0.041655948470056,0.04292100007882,0.036182300375311005,0.892146291478453,0.764,0.010343800308694
167,2842.256,1.00239513301891,1.7645411632773,2.75775600033796,170.286183420456,0.047376977087540004,0.05124012312442899,0.048747492980921,0.8607178595754219,0.7471,0.019518510697625
168,3544.152,0.97502866106592,3.0,3.5,100.0,0.017793385076178,0.025085475595992,0.0,0.9764269870978001,0.8231,0.017682661943496002
169,3181.34,0.9893885848340881,1.88432346050247,2.83964139714859,161.404624967834,0.038540857479091,0.039501390950502,0.038133267463347,0.893408774063913,0.7737,0.008658070905277
170,2639.0809999999997,1.01194916018543,1.68802842165054,2.6384920477234703,154.678562883093,0.058225966754766,0.058517249828395,0.05298799912458901,0.83999971867182,0.7339,0.0058314083163230005
171,3518.574,0.9751689060875559,2.3243179948965698,3.06479675769862,132.106629207904,0.045486662976741,0.04560471263313599,0.030544763209817995,0.9544879122763291,0.8757,0.0032792233213490003
172,3280.1059999999998,0.985247577566167,1.99882514557927,2.9115337688750897,153.05223676141,0.033684352713421004,0.035469464077175,0.028936053008047993,0.919366249957629,0.7982,0.011110682436279001
173,2377.87,1.02273508368492,1.6401082599328602,2.62169645994726,159.257982789264,0.071122632311366,0.071329800378301,0.06604310020870599,0.82027909473345,0.7048,0.005432457557169001
174,2253.174,1.0245251100387902,1.63061356179231,2.64762804480935,171.144613799875,0.063608322957209,0.064961263040366,0.063588369343968,0.802452422660244,0.6986,0.013188894812341001
175,3474.11,0.978867283649831,3.0,3.5,100.0,0.022452140228042,0.027100822625418998,0.0,0.9568692442449309,0.8056,0.015177482866231001
176,3290.65,0.984130983253754,1.9302989323677298,2.8036902654359,146.442682058837,0.038432954417028,0.039660765017757005,0.030761076130846,0.9020275124725979,0.7683,0.009792052725161999
177,2429.598,1.01654483506631,1.64457174401757,2.6341227531535,163.186139835406,0.061298770962275005,0.061377317764028,0.0580776708574,0.812453956978317,0.7087,0.0031041608239509998
178,3152.509,0.99067309820142,1.8488405587383703,2.7790149410422402,155.122371826211,0.046354944453559005,0.048168124205223,0.040873510039925,0.889769167133091,0.7593,0.013091497781278999
179,3574.877,0.9721537290470071,3.0,3.5,100.0,0.03755367587568,0.037644174888642995,0.0,0.9843989378632679,0.9151,0.0026087029863649997
180,3549.599,0.9740003259753041,3.0,3.5,100.0,0.034145438439376,0.034220655739506,0.0,0.985530621199493,0.9416,0.002267666868079
181,3016.6890000000003,0.996052473216145,1.8067991682807498,2.7929071813613904,169.911936626131,0.041591603110867,0.042764296049408,0.039487028537545,0.8715115897979449,0.7754,0.009946032740219999
182,3227.6209999999996,0.9877298819515391,1.8672878092570502,2.80409933142533,157.20298609118402,0.031405463672456,0.03363688815786799,0.02833688474691,0.891408137429525,0.7967,0.012047285854621
183,3488.39,0.976914858982092,2.2947098249669797,3.06589213640989,135.169141826932,0.046276478719995004,0.046558899410604,0.032763767972696,0.94453471970427,0.8744,0.0051204132259559994
184,3353.986,0.9827803227069609,2.07411635095527,2.8608903636106002,135.682710737776,0.077575005869755,0.078037195113487,0.061386051207894005,0.901068764530389,0.7886,0.008480700766326999
185,3373.2140000000004,0.98161006718554,2.05613842902174,2.85719271742387,137.419266605826,0.07700808433301201,0.077428811583544,0.06212040982284599,0.895171777069698,0.7861,0.008060757445781
186,3383.935,0.9815723598390491,2.13055910619724,2.87753922291252,131.60971964698402,0.074743472821819,0.07513408760577499,0.055354377254487,0.904162857671213,0.7941,0.0076514306431019995
187,3387.995,0.981916261653713,2.30687821503434,2.9686476328624796,123.903914967766,0.072653210429449,0.073051915150324,0.046849800123206,0.9152482259084008,0.8016,0.007621897495000999
188,2989.289,0.9990363483877841,1.8497614475656101,2.82881293494285,165.76606825825002,0.047817497454679,0.048555324266402,0.046925365568882,0.8913693943371109,0.7428,0.008432464158665
189,3543.6,0.9752172688175699,3.0,3.5,100.0,0.008727215047909,0.017384164380795,0.0,0.992743776303682,0.8507,0.015034789281066002
190,3455.607,0.9788924844945942,2.2523634892399103,2.99428545378042,131.716446714904,0.023489082692153003,0.030583248649766002,0.029558006106189996,0.954184129049894,0.8195,0.019585660373207
191,3351.039,0.9830142705474829,2.05154357128968,3.0013969587843596,161.874043171642,0.024876059417764,0.025440824080169,0.022350510112287003,0.9326759148449292,0.8077,0.005330778341103
192,3404.907,0.9814527434879381,2.2907974174424504,3.21374981383134,156.293658158946,0.024778890092359,0.025775516090038,0.021911683579938,0.958945706964702,0.8087,0.007098157190327
193,3348.877,0.983057096866708,2.1151647194013,3.0495698426335496,158.137040073263,0.028856995005909,0.029238621974972002,0.025037693608895,0.9404498044035491,0.7967,0.004708593656734
194,3300.8540000000003,0.985169447557119,1.9686814675248998,2.8369794651664306,145.641767240765,0.030733612303922,0.031065526542666002,0.023578847543283,0.919467916999265,0.7944,0.004529019112933
195,2573.134,1.01470095269493,1.7302683526262599,2.72389955649984,165.281276980305,0.061049561496955,0.063182244130814,0.059327719588428994,0.8500517337190991,0.7338,0.016277193076058998
196,2645.605,1.01176972330664,1.74950183089358,2.7273249963471495,161.328616442888,0.058421830459409005,0.060901827967967,0.055669102576234,0.8576333743621309,0.7425,0.017202394473208
197,3547.81,0.9740597908239509,3.0,3.5,100.0,0.039317808278629,0.039356055355725,0.0,0.987495192006163,0.9227,0.0017346600035370002
198,3548.934,0.9739734892695999,3.0,3.5,100.0,0.038046051253828,0.03810132593033701,0.0,0.9874736642512528,0.9259,0.0020515900274889996
199,2088.609,1.03313987871924,1.6225019914933798,2.64156313757593,167.892234382166,0.07502375163198599,0.077449901512401,0.07470320925075999,0.80840897429546,0.6938,0.019233406753425
200,2718.8059999999996,1.00916992924879,1.7910377404733797,2.75151838803596,157.702153113359,0.056527349655662,0.059990729344111995,0.054873723114397005,0.869304183056701,0.7484,0.020088463060798
201,2629.5820000000003,1.0118335002855,1.74526018406999,2.73351205649436,164.437806146399,0.058195918107057,0.061012159210152,0.056649784404115,0.8550437725781309,0.7433,0.018322627736261
202,2628.6679999999997,1.01273203331385,1.75124770737894,2.72831706755282,160.87045960103,0.059562950293515,0.061558999313983,0.056696980538395995,0.858872081493904,0.7412,0.015548805384053002
203,3548.216,0.973976777443898,3.0,3.5,100.0,0.036486123767516,0.036641388454716005,0.0,0.987225739854069,0.9357,0.0033695875579820003
204,2575.3089999999997,1.01390204112626,1.72405315524203,2.7127857174682997,163.895592874153,0.061893636862752,0.063629065540436,0.059401675482414,0.84838708167982,0.7345,0.014759258025080001
205,2508.637,1.01651156717472,1.7043889002267099,2.6987192301490004,164.86358379816602,0.063954329729217,0.066272371873294,0.06111810124354,0.8372025152046,0.7302,0.01737443474185
206,3554.631,0.97357714999891,3.0,3.5,100.0,0.036790657485754996,0.036894694330162,0.0,0.98788794325932,0.9333,0.0027687526942580002
207,2525.274,1.01485412651277,1.7573492713174599,2.72662724986383,158.394117745996,0.064637123369892,0.06476511459298599,0.061594160720573,0.86706555713358,0.7592,0.00406968680711
208,2514.172,1.0153171505987701,1.75361879945443,2.7240317162067003,158.549339936761,0.065179341888282,0.065304058878175,0.06213979686447701,0.8659170465198479,0.7579,0.004034042262364999
209,3596.285,0.9699982353592209,3.0,3.5,100.0,0.029518272980077996,0.030218818055808994,0.0,0.995673459006544,0.9732,0.006469043589565
210,2013.027,1.02978255733917,1.52708772852119,2.4896745635926,153.148572948647,0.125282434419449,0.12729598622990698,0.12196071066550099,0.772638374650881,0.7005,0.022551712488878998
211,3594.886,0.970446634184486,3.0,3.5,100.0,0.032524447343700004,0.032847691564775,0.0,0.9929002209576658,0.9517,0.004596864814357999
212,2816.551,0.999414055034249,1.63992997734659,2.53996675490054,147.456022532769,0.109616511199761,0.11133891876881402,0.10242678270541199,0.8028877802072599,0.7142,0.019508339370671
213,2528.199,1.0110355252907801,1.6487724366024599,2.6037640343356805,155.716061210627,0.110814006381386,0.11196726057557499,0.10597953476998198,0.8211613104608629,0.7341,0.016028831227033996
214,3584.097,0.9708569102602079,3.0,3.5,100.0,0.032978811734826,0.033018911232353995,0.0,0.9929175311735241,0.9454,0.00162679916677
215,3047.55,0.995067376261528,1.91714749784674,2.8594694466981103,156.95677736508998,0.041758474245847,0.045453306652209,0.03995264122599299,0.9007429955147921,0.7842,0.017950847174398998
216,2527.841,1.01597182273919,1.6767098189609297,2.6626084755742796,162.312773655525,0.066925169653229,0.068247795580233,0.064088144772692,0.834858540694852,0.7194,0.013370986068642
